INSERT INTO DEPT (DEPT_PK, DEPT_NAME) VALUES
('DEPT001', '개발팀'),
('DEPT002', '마케팅팀'),
('DEPT003', '인사팀');

INSERT INTO ATD_TYPE (ATD_TYPE_PK, ATD_TYPE) VALUES 
('ATD001', '출근'),
('ATD002', '퇴근'),
('ATD003', '휴가'),
('ATD004', '결근');

INSERT INTO DATE (DATE_PK, DATE) VALUES 
('DATE20240801', '2024-08-01'),
('DATE20240802', '2024-08-02'),
('DATE20240803', '2024-08-03'),
('DATE20240804', '2024-08-04'),
('DATE20240805', '2024-08-05'),
('DATE20240806', '2024-08-06'),
('DATE20240807', '2024-08-07'),
('DATE20240808', '2024-08-08'),
('DATE20240809', '2024-08-09'),
('DATE20240810', '2024-08-10'),
('DATE20240811', '2024-08-11'),
('DATE20240812', '2024-08-12'),
('DATE20240813', '2024-08-13'),
('DATE20240814', '2024-08-14'),
('DATE20240815', '2024-08-15'),
('DATE20240816', '2024-08-16'),
('DATE20240817', '2024-08-17'),
('DATE20240818', '2024-08-18'),
('DATE20240819', '2024-08-19'),
('DATE20240820', '2024-08-20'),
('DATE20240821', '2024-08-21'),
('DATE20240822', '2024-08-22'),
('DATE20240823', '2024-08-23'),
('DATE20240824', '2024-08-24'),
('DATE20240825', '2024-08-25'),
('DATE20240826', '2024-08-26'),
('DATE20240827', '2024-08-27'),
('DATE20240828', '2024-08-28'),
('DATE20240829', '2024-08-29'),
('DATE20240830', '2024-08-30'),
('DATE20240831', '2024-08-31');

INSERT INTO EMP_ID (EMP_ID_PK, EMP_ID, EMP_NAME) VALUES 
('EMP001', '12345', '홍길동'),
('EMP002', '67890', '김철수'),
('EMP003', '11223', '이영희'),
('EMP004', '44556', '박영수'),
('EMP005', '78901', '최미영');

INSERT INTO DEPT_EMP_TABLE (DEPT_EMP_PK, EMP_ID_PK, DEPT_PK) VALUES 
('DEPTEMP001', 'EMP001', 'DEPT001'),
('DEPTEMP002', 'EMP002', 'DEPT001'),
('DEPTEMP003', 'EMP003', 'DEPT002'),
('DEPTEMP004', 'EMP004', 'DEPT002'),
('DEPTEMP005', 'EMP005', 'DEPT003');

INSERT INTO MT_ATD_EMP (MT_ATD_EMP_PK, EMP_ID_PK, DATE_PK, ATD_TYPE_PK) VALUES 
('MTATD001', 'EMP001', 'DATE20240801', 'ATD001'),
('MTATD002', 'EMP001', 'DATE20240802', 'ATD001'),
('MTATD003', 'EMP001', 'DATE20240803', 'ATD003'),
('MTATD004', 'EMP001', 'DATE20240804', 'ATD001'),
('MTATD005', 'EMP002', 'DATE20240801', 'ATD001'),
('MTATD006', 'EMP002', 'DATE20240802', 'ATD004'),
('MTATD007', 'EMP002', 'DATE20240803', 'ATD001'),
('MTATD008', 'EMP003', 'DATE20240801', 'ATD001'),
('MTATD009', 'EMP003', 'DATE20240802', 'ATD003'),
('MTATD010', 'EMP003', 'DATE20240803', 'ATD001'),
('MTATD011', 'EMP004', 'DATE20240801', 'ATD001'),
('MTATD012', 'EMP004', 'DATE20240802', 'ATD001'),
('MTATD013', 'EMP004', 'DATE20240803', 'ATD004'),
('MTATD014', 'EMP005', 'DATE20240801', 'ATD003'),
('MTATD015', 'EMP005', 'DATE20240802', 'ATD001'),
('MTATD016', 'EMP005', 'DATE20240803', 'ATD001');

INSERT INTO MT_ATD_DEPT (MT_ATD_DEPT_PK, MT_ATD_EMP_FK, EMP_ID_FK, DATE_FK, ATD_TYPE_FK) VALUES 
('MTATDDEPT001', 'MTATD001', 'EMP001', 'DATE20240801', 'ATD001'),
('MTATDDEPT002', 'MTATD002', 'EMP001', 'DATE20240802', 'ATD001'),
('MTATDDEPT003', 'MTATD003', 'EMP001', 'DATE20240803', 'ATD003'),
('MTATDDEPT004', 'MTATD004', 'EMP001', 'DATE20240804', 'ATD001'),
('MTATDDEPT005', 'MTATD005', 'EMP002', 'DATE20240801', 'ATD001'),
('MTATDDEPT006', 'MTATD006', 'EMP002', 'DATE20240802', 'ATD004'),
('MTATDDEPT007', 'MTATD007', 'EMP002', 'DATE20240803', 'ATD001'),
('MTATDDEPT008', 'MTATD008', 'EMP003', 'DATE20240801', 'ATD001'),
('MTATDDEPT009', 'MTATD009', 'EMP003', 'DATE20240802', 'ATD003'),
('MTATDDEPT010', 'MTATD010', 'EMP003', 'DATE20240803', 'ATD001'),
('MTATDDEPT011', 'MTATD011', 'EMP004', 'DATE20240801', 'ATD001'),
('MTATDDEPT012', 'MTATD012', 'EMP004', 'DATE20240802', 'ATD001'),
('MTATDDEPT013', 'MTATD013', 'EMP004', 'DATE20240803', 'ATD004'),
('MTATDDEPT014', 'MTATD014', 'EMP005', 'DATE20240801', 'ATD003'),
('MTATDDEPT015', 'MTATD015', 'EMP005', 'DATE20240802', 'ATD001'),
('MTATDDEPT016', 'MTATD016', 'EMP005', 'DATE20240803', 'ATD001');

