-- DEPARTMENT 테이블에 데이터 삽입
INSERT INTO `DEPARTMENT` (`DEPT_ID_PK`, `DEPT_NAME`) VALUES
('D001', 'HR'),
('D002', 'Engineering'),
('D003', 'Sales');

-- EMPLOYEE 테이블에 데이터 삽입
INSERT INTO `EMPLOYEE` (`EMP_ID`, `EMP_NAME`, `DEPT_ID`) VALUES
('12345', '홍길동', 'D001'),
('23456', '이영희', 'D002'),
('34567', '김철수', 'D003');

-- ATTENDTYPE 테이블에 데이터 삽입
INSERT INTO `ATTENDTYPE` (`ATD_TYPE_PK`, `ATD_TYPE`) VALUES
('AT01', '출근'),
('AT02', '결근'),
('AT03', '휴가');

-- ATTENDANCE 테이블에 데이터 삽입 (직원별로 24일 출근 기록)
-- 날짜는 2024년 8월의 모든 날짜를 포함합니다.

-- Alice Smith의 출근 기록
INSERT INTO `ATTENDANCE` (`ATD_ID_PK`, `EMP_ID`, `DATE`, `ATD_TYPE_PK`, `DEPT_ID`) VALUES
('A001', '12345', '2024-08-01', 'AT01', 'D001'),
('A002', '12345', '2024-08-02', 'AT01', 'D001'),
('A003', '12345', '2024-08-03', 'AT01', 'D001'),
('A004', '12345', '2024-08-04', 'AT01', 'D001'),
('A005', '12345', '2024-08-05', 'AT01', 'D001'),
('A006', '12345', '2024-08-06', 'AT01', 'D001'),
('A007', '12345', '2024-08-07', 'AT01', 'D001'),
('A008', '12345', '2024-08-08', 'AT01', 'D001'),
('A009', '12345', '2024-08-09', 'AT01', 'D001'),
('A010', '12345', '2024-08-10', 'AT01', 'D001'),
('A011', '12345', '2024-08-11', 'AT01', 'D001'),
('A012', '12345', '2024-08-12', 'AT01', 'D001'),
('A013', '12345', '2024-08-13', 'AT01', 'D001'),
('A014', '12345', '2024-08-14', 'AT01', 'D001'),
('A015', '12345', '2024-08-15', 'AT01', 'D001'),
('A016', '12345', '2024-08-16', 'AT01', 'D001'),
('A017', '12345', '2024-08-17', 'AT01', 'D001'),
('A018', '12345', '2024-08-18', 'AT01', 'D001'),
('A019', '12345', '2024-08-19', 'AT01', 'D001'),
('A020', '12345', '2024-08-20', 'AT01', 'D001'),
('A021', '12345', '2024-08-21', 'AT01', 'D001'),
('A022', '12345', '2024-08-22', 'AT01', 'D001'),
('A023', '12345', '2024-08-23', 'AT01', 'D001'),
('A024', '12345', '2024-08-24', 'AT01', 'D001'),
('A025', '12345', '2024-08-25', 'AT01', 'D001'),
('A026', '12345', '2024-08-26', 'AT01', 'D001'),
('A027', '12345', '2024-08-27', 'AT01', 'D001'),
('A028', '12345', '2024-08-28', 'AT01', 'D001'),
('A029', '12345', '2024-08-29', 'AT01', 'D001'),
('A030', '12345', '2024-08-30', 'AT01', 'D001'),
('A031', '12345', '2024-08-31', 'AT01', 'D001');

-- Bob Johnson의 출근 기록 (예: 2024-08-03, 2024-08-10, 2024-08-17 결근)
INSERT INTO `ATTENDANCE` (`ATD_ID_PK`, `EMP_ID`, `DATE`, `ATD_TYPE_PK`, `DEPT_ID`) VALUES
('B001', '23456', '2024-08-01', 'AT01', 'D002'),
('B002', '23456', '2024-08-02', 'AT01', 'D002'),
('B003', '23456', '2024-08-03', 'AT02', 'D002'), -- 결근
('B004', '23456', '2024-08-04', 'AT01', 'D002'),
('B005', '23456', '2024-08-05', 'AT01', 'D002'),
('B006', '23456', '2024-08-06', 'AT01', 'D002'),
('B007', '23456', '2024-08-07', 'AT01', 'D002'),
('B008', '23456', '2024-08-08', 'AT01', 'D002'),
('B009', '23456', '2024-08-09', 'AT01', 'D002'),
('B010', '23456', '2024-08-10', 'AT02', 'D002'), -- 결근
('B011', '23456', '2024-08-11', 'AT01', 'D002'),
('B012', '23456', '2024-08-12', 'AT01', 'D002'),
('B013', '23456', '2024-08-13', 'AT01', 'D002'),
('B014', '23456', '2024-08-14', 'AT01', 'D002'),
('B015', '23456', '2024-08-15', 'AT01', 'D002'),
('B016', '23456', '2024-08-16', 'AT01', 'D002'),
('B017', '23456', '2024-08-17', 'AT02', 'D002'), -- 결근
('B018', '23456', '2024-08-18', 'AT01', 'D002'),
('B019', '23456', '2024-08-19', 'AT01', 'D002'),
('B020', '23456', '2024-08-20', 'AT01', 'D002'),
('B021', '23456', '2024-08-21', 'AT01', 'D002'),
('B022', '23456', '2024-08-22', 'AT01', 'D002'),
('B023', '23456', '2024-08-23', 'AT01', 'D002'),
('B024', '23456', '2024-08-24', 'AT01', 'D002'),
('B025', '23456', '2024-08-25', 'AT01', 'D002'),
('B026', '23456', '2024-08-26', 'AT01', 'D002'),
('B027', '23456', '2024-08-27', 'AT01', 'D002'),
('B028', '23456', '2024-08-28', 'AT01', 'D002'),
('B029', '23456', '2024-08-29', 'AT01', 'D002'),
('B030', '23456', '2024-08-30', 'AT01', 'D002'),
('B031', '23456', '2024-08-31', 'AT01', 'D002');

-- Charlie Brown의 출근 기록 (예: 2024-08-12 결근)
INSERT INTO `ATTENDANCE` (`ATD_ID_PK`, `EMP_ID`, `DATE`, `ATD_TYPE_PK`, `DEPT_ID`) VALUES
('C001', '34567', '2024-08-01', 'AT01', 'D003'),
('C002', '34567', '2024-08-02', 'AT01', 'D003'),
('C003', '34567', '2024-08-03', 'AT01', 'D003'),
('C004', '34567', '2024-08-04', 'AT01', 'D003'),
('C005', '34567', '2024-08-05', 'AT01', 'D003'),
('C006', '34567', '2024-08-06', 'AT01', 'D003'),
('C007', '34567', '2024-08-07', 'AT01', 'D003'),
('C008', '34567', '2024-08-08', 'AT01', 'D003'),
('C009', '34567', '2024-08-09', 'AT01', 'D003'),
('C010', '34567', '2024-08-10', 'AT01', 'D003'),
('C011', '34567', '2024-08-11', 'AT01', 'D003'),
('C012', '34567', '2024-08-12', 'AT02', 'D003'), -- 결근
('C013', '34567', '2024-08-13', 'AT01', 'D003'),
('C014', '34567', '2024-08-14', 'AT01', 'D003'),
('C015', '34567', '2024-08-15', 'AT01', 'D003'),
('C016', '34567', '2024-08-16', 'AT01', 'D003'),
('C017', '34567', '2024-08-17', 'AT01', 'D003'),
('C018', '34567', '2024-08-18', 'AT01', 'D003'),
('C019', '34567', '2024-08-19', 'AT01', 'D003'),
('C020', '34567', '2024-08-20', 'AT01', 'D003'),
('C021', '34567', '2024-08-21', 'AT01', 'D003'),
('C022', '34567', '2024-08-22', 'AT01', 'D003'),
('C023', '34567', '2024-08-23', 'AT01', 'D003'),
('C024', '34567', '2024-08-24', 'AT01', 'D003'),
('C025', '34567', '2024-08-25', 'AT01', 'D003'),
('C026', '34567', '2024-08-26', 'AT01', 'D003'),
('C027', '34567', '2024-08-27', 'AT01', 'D003'),
('C028', '34567', '2024-08-28', 'AT01', 'D003'),
('C029', '34567', '2024-08-29', 'AT01', 'D003'),
('C030', '34567', '2024-08-30', 'AT01', 'D003'),
('C031', '34567', '2024-08-31', 'AT01', 'D003');




